[
	{
		"step": 1,
		"name": "btn_custom",
		"tagName": "button",
		"className": "md-no-style md-button",
		"id": "",
		"attr": "aria-label=Custom",
		"text": "",
		"html": "",
		"finded": null,
		"chil": [],
		"action": "click",
		"await": 1000
	},
	{
		"step": 2,
		"name": "show_calendar_from",
		"tagName": "div",
		"className": "mw-timepicker-dialog__from",
		"id": "",
		"attr": "",
		"text": "",
		"html": "",
		"finded": null,
		"chil": [
			{
				"step": 0,
				"name": "btn_show_calendar_from",
				"tagName": "input",
				"className": "",
				"id": "",
				"attr": "moment-picker=$ctrl.selectedFormattedDate",
				"text": "",
				"html": "",
				"finded": null,
				"chil": [],
				"action": "click",
				"await": 1000
			}
		],
		"action": "",
		"await": 0
	},
	{
		"step": 3,
		"name": "cntent_calendar",
		"tagName": "div",
		"className": "moment-picker",
		"id": "",
		"attr": "",
		"text": "",
		"html": "",
		"finded": null,
		"chil": [],
		"action": "getHtml",
		"await": 0
	},
	{
		"step": 4,
		"name": "title_calendar",
		"tagName": "th",
		"className": "",
		"id": "",
		"attr": "ng-click=view.setParentView()",
		"text": "",
		"html": "",
		"finded": null,
		"chil": [],
		"action": "getText",
		"await": 0
	},
	{
		"step": 5,
		"name": "back_month",
		"tagName": "th",
		"className": "",
		"id": "",
		"attr": "ng-click=view.previous.set()",
		"text": "",
		"html": "",
		"finded": null,
		"chil": [],
		"action": "click",
		"await": 500
	},
	{
		"step": 6,
		"name": "next_month",
		"tagName": "th",
		"className": "",
		"id": "",
		"attr": "ng-click=view.next.set()",
		"text": "",
		"html": "",
		"finded": null,
		"chil": [],
		"action": "click",
		"await": 500
	},
	{
		"step": 7,
		"name": "select_day",
		"tagName": "td",
		"className": "not-includeday-not-in-current-month",
		"id": "",
		"attr": "ng-mouseenter=view.handleHoverDate(item)",
		"text": "",
		"html": "",
		"finded": null,
		"chil": [],
		"action": "click",
		"await": 500
	},
	{
		"step": 8,
		"name": "show_calendar_to",
		"tagName": "div",
		"className": "mw-timepicker-dialog__to",
		"id": "",
		"attr": "",
		"text": "",
		"html": "",
		"finded": null,
		"chil": [
			{
				"step": 0,
				"name": "btn_show_calendar_to",
				"tagName": "input",
				"className": "",
				"id": "",
				"attr": "moment-picker=$ctrl.selectedFormattedDate",
				"text": "",
				"html": "",
				"finded": null,
				"chil": [],
				"action": "click",
				"await": 500
			}
		],
		"action": "",
		"await": 0
	},
	{
		"step": 9,
		"name": "select_dates",
		"tagName": "button",
		"className": "mw-mini-modal__ok-button mw-button md-primary md-button",
		"id": "",
		"attr": "",
		"text": "",
		"html": "",
		"finded": null,
		"chil": [],
		"action": "click",
		"await": 100
	},
	{
		"step": 10,
		"name": "close_calendar",
		"tagName": "md-dialog",
		"className": "mw-mini-modal _md md-dialog-fullscreen layout-column md-content-overflow md-transition-in",
		"id": "",
		"attr": "",
		"text": "",
		"html": "",
		"finded": null,
		"chil": [],
		"action": "click",
		"await": 500
	}	
]